Workbook

Sheet Assunzioni
A1: Assunzioni economiche
A2: Progetto: UrbanPulse OBD Telemetry App
A4: Fase | B4: Tariffa blended giornaliera (€) | C4: Nota | D4: Valore
A5: Avvio e analisi | B5: 650 | C5: Team medio: PM + Product + analisi tecnica
A6: Progettazione | B6: 750 | C6: Team medio: UX + Tech Lead + Data
A7: Sviluppo MVP | B7: 1050 | C7: Team medio: Mobile lead + backend/data + supporto PM
A8: Test e validazione | B8: 850 | C8: Team medio: QA + vehicle integration + dev support
A9: Rilascio e chiusura | B9: 600 | C9: Team medio: PM + QA + marketing support
A10: Contingenza % | C10: Riserva per rischi e rework controllato | D10: 0.1

Sheet Costi_WBS
A1: Struttura di ripartizione delle risorse / costi
A2: Progetto: UrbanPulse OBD Telemetry App | I2: Data | J2: 17/03/2026
A4: ID WBS | B4: Fase | C4: Pacchetto di lavoro | D4: Durata (gg) | E4: Manodopera (€) | F4: Software/Cloud (€) | G4: Hardware/Test (€) | H4: Servizi esterni (€) | I4: Trasferte/Formazione (€) | J4: Totale pacchetto (€) | K4: Commenti costo
A5: 1.1.1 | B5: Avvio e analisi | C5: Definire-charter e business case approvati | D5: 3 | E5: =D5*Assunzioni!$B$5 -> 1950 | F5: 0 | G5: 0 | H5: 1200 | I5: 0 | J5: =SUM(E5:I5) -> 3150 | K5: Workshop charter e business case con sponsor
A6: 1.1.2 | B6: Avvio e analisi | C6: Raccogliere-requisiti utenti e tecnici validati | D6: 5 | E6: =D6*Assunzioni!$B$5 -> 3250 | F6: 0 | G6: 0 | H6: 0 | I6: 0 | J6: =SUM(E6:I6) -> 3250 | K6: Interviste requisiti e analisi stakeholder
A7: 1.1.3 | B7: Avvio e analisi | C7: Analizzare-standard OBD-II e dispositivi target selezionati | D7: 4 | E7: =D7*Assunzioni!$B$5 -> 2600 | F7: 400 | G7: 1800 | H7: 0 | I7: 0 | J7: =SUM(E7:I7) -> 4800 | K7: Acquisto dongle OBD-II e device matrix iniziale
A8: 1.1.4 | B8: Avvio e analisi | C8: Approvare-baseline di progetto condivisa | D8: 2 | E8: =D8*Assunzioni!$B$5 -> 1300 | F8: 0 | G8: 0 | H8: 0 | I8: 0 | J8: =SUM(E8:I8) -> 1300 | K8: Gate di approvazione baseline
A9: 1.2.1 | B9: Progettazione | C9: Disegnare-UX flow e wireframe approvati | D9: 5 | E9: =D9*Assunzioni!$B$6 -> 3750 | F9: 500 | G9: 0 | H9: 0 | I9: 0 | J9: =SUM(E9:I9) -> 4250 | K9: Tool prototipazione e test di usabilità
A10: 1.2.2 | B10: Progettazione | C10: Definire-architettura mobile e cloud approvata | D10: 4 | E10: =D10*Assunzioni!$B$6 -> 3000 | F10: 800 | G10: 0 | H10: 0 | I10: 0 | J10: =SUM(E10:I10) -> 3800 | K10: Setup architetturale cloud e monitoraggio
A11: 1.2.3 | B11: Progettazione | C11: Progettare-modello dati telemetria validato | D11: 3 | E11: =D11*Assunzioni!$B$6 -> 2250 | F11: 300 | G11: 0 | H11: 0 | I11: 0 | J11: =SUM(E11:I11) -> 2550 | K11: Definizione schema dati telemetria
A12: 1.2.4 | B12: Progettazione | C12: Definire-piano test e compliance privacy approvati | D12: 3 | E12: =D12*Assunzioni!$B$6 -> 2250 | F12: 0 | G12: 0 | H12: 1500 | I12: 0 | J12: =SUM(E12:I12) -> 3750 | K12: Revisione compliance privacy e template consenso
A13: 1.3.1 | B13: Sviluppo MVP | C13: Configurare-ambiente DevOps e repository operativi | D13: 3 | E13: =D13*Assunzioni!$B$7 -> 3150 | F13: 1200 | G13: 0 | H13: 0 | I13: 0 | J13: =SUM(E13:I13) -> 4350 | K13: Configurazione CI/CD, crash analytics e repository
A14: 1.3.2 | B14: Sviluppo MVP | C14: Sviluppare-modulo pairing Bluetooth OBD-II funzionante | D14: 8 | E14: =D14*Assunzioni!$B$7 -> 8400 | F14: 600 | G14: 800 | H14: 0 | I14: 0 | J14: =SUM(E14:I14) -> 9800 | K14: Librerie BLE e test su adattatori OBD-II
A15: 1.3.3 | B15: Sviluppo MVP | C15: Sviluppare-motore acquisizione e parsing PID validato | D15: 10 | E15: =D15*Assunzioni!$B$7 -> 10500 | F15: 1000 | G15: 600 | H15: 0 | I15: 0 | J15: =SUM(E15:I15) -> 12100 | K15: Parsing PID e dataset di validazione
A16: 1.3.4 | B16: Sviluppo MVP | C16: Sviluppare-dashboard real-time e mappa sessione usabili | D16: 9 | E16: =D16*Assunzioni!$B$7 -> 9450 | F16: 900 | G16: 0 | H16: 0 | I16: 0 | J16: =SUM(E16:I16) -> 10350 | K16: Mappe, widget telemetrici e ottimizzazioni UI
A17: 1.3.5 | B17: Sviluppo MVP | C17: Sviluppare-registrazione sessioni, export e sync cloud operativi | D17: 8 | E17: =D17*Assunzioni!$B$7 -> 8400 | F17: 1000 | G17: 0 | H17: 0 | I17: 0 | J17: =SUM(E17:I17) -> 9400 | K17: Storage cloud, export CSV e sincronizzazione
A18: 1.3.6 | B18: Sviluppo MVP | C18: Integrare-analytics percorsi urbani e circuiti pronte | D18: 6 | E18: =D18*Assunzioni!$B$7 -> 6300 | F18: 600 | G18: 1200 | H18: 0 | I18: 0 | J18: =SUM(E18:I18) -> 8100 | K18: Analytics urbano/circuito e tuning logiche
A19: 1.4.1 | B19: Test e validazione | C19: Eseguire-test funzionali interni completati | D19: 5 | E19: =D19*Assunzioni!$B$8 -> 4250 | F19: 0 | G19: 400 | H19: 0 | I19: 0 | J19: =SUM(E19:I19) -> 4650 | K19: Suite test, device lab e regressione
A20: 1.4.2 | B20: Test e validazione | C20: Eseguire-test urbani su veicolo con OBD reale completati | D20: 5 | E20: =D20*Assunzioni!$B$8 -> 4250 | F20: 0 | G20: 1500 | H20: 0 | I20: 900 | J20: =SUM(E20:I20) -> 6650 | K20: Veicolo urbano, carburante e prove su strada
A21: 1.4.3 | B21: Test e validazione | C21: Eseguire-test in circuito e tuning metriche completati | D21: 4 | E21: =D21*Assunzioni!$B$8 -> 3400 | F21: 0 | G21: 2400 | H21: 1800 | I21: 1200 | J21: =SUM(E21:I21) -> 8800 | K21: Noleggio pista, staff supporto e trasferte
A22: 1.4.4 | B22: Test e validazione | C22: Correggere-difetti prioritari e stabilizzare release candidate | D22: 6 | E22: =D22*Assunzioni!$B$8 -> 5100 | F22: 0 | G22: 0 | H22: 0 | I22: 0 | J22: =SUM(E22:I22) -> 5100 | K22: Rework correttivo su difetti prioritari
A23: 1.4.5 | B23: Test e validazione | C23: Validare-sicurezza dati e performance conformi | D23: 3 | E23: =D23*Assunzioni!$B$8 -> 2550 | F23: 300 | G23: 0 | H23: 2200 | I23: 0 | J23: =SUM(E23:I23) -> 5050 | K23: Test performance, sicurezza e check privacy finale
A24: 1.5.1 | B24: Rilascio e chiusura | C24: Preparare-store listing e supporto operativo pronti | D24: 4 | E24: =D24*Assunzioni!$B$9 -> 2400 | F24: 200 | G24: 0 | H24: 0 | I24: 0 | J24: =SUM(E24:I24) -> 2600 | K24: Store assets, FAQ, runbook e help center
A25: 1.5.2 | B25: Rilascio e chiusura | C25: Rilasciare-MVP a beta tester selezionati | D25: 3 | E25: =D25*Assunzioni!$B$9 -> 1800 | F25: 400 | G25: 0 | H25: 0 | I25: 0 | J25: =SUM(E25:I25) -> 2200 | K25: Distribuzione beta e supporto utenti pilota
A26: 1.5.3 | B26: Rilascio e chiusura | C26: Raccogliere-feedback finale e go-live approvato | D26: 3 | E26: =D26*Assunzioni!$B$9 -> 1800 | F26: 0 | G26: 0 | H26: 0 | I26: 0 | J26: =SUM(E26:I26) -> 1800 | K26: Raccolta survey e gate go-live
A27: 1.5.4 | B27: Rilascio e chiusura | C27: Chiudere-progetto e handover operativo completati | D27: 2 | E27: =D27*Assunzioni!$B$9 -> 1200 | F27: 0 | G27: 0 | H27: 0 | I27: 0 | J27: =SUM(E27:I27) -> 1200 | K27: Documentazione finale e handover
A30: Totali per categoria
A31: Manodopera | D31: =SUM(E5:E27) -> 93300 | F31: Calcolato automaticamente
A32: Software/Cloud | D32: =SUM(F5:F27) -> 8200 | F32: Calcolato automaticamente
A33: Hardware/Test | D33: =SUM(G5:G27) -> 8700 | F33: Calcolato automaticamente
A34: Servizi esterni | D34: =SUM(H5:H27) -> 6700 | F34: Calcolato automaticamente
A35: Trasferte/Formazione | D35: =SUM(I5:I27) -> 2100 | F35: Calcolato automaticamente
A36: Totale base progetto | D36: =SUM(J5:J27) -> 119000 | F36: Calcolato automaticamente
A37: Contingenza | D37: =D36*Assunzioni!$D$10 -> 11900 | F37: Calcolato automaticamente
A38: Totale progetto incl. contingenza | D38: =D36+D37 -> 130900 | F38: Calcolato automaticamente
